index,start_period_ns,edg_read_ns,command_ns,wait_ns,wake_lateness_ns,cycle_work_ns
0,0,0,550490,7499245,9130,553638
1,8054040,0,54600,7937475,63170,55619
2,7993234,0,29861,7969818,56404,30037
3,8000003,0,27472,7971643,56407,27685
4,7999466,0,28768,7970031,55873,28963
5,7999132,0,32546,7968374,55005,32704
6,8001217,0,28222,7970846,56222,28398
7,7999392,0,26111,7973652,55614,26268
8,8000068,0,28250,7971446,55682,28426
9,8000002,0,27102,7972725,55684,27269
10,8000142,0,28528,7976614,55826,28686
11,8005439,0,26101,7966799,61265,26278
12,7993216,0,28120,7973104,54481,28306
13,8001540,0,29047,7969735,56021,29222
14,7999095,0,25185,7975457,55116,25371
15,8000967,0,23574,7977271,56083,23731
16,8001141,0,24935,7973864,57224,25093
17,7999096,0,27222,7971929,56320,27389
18,7999457,0,24713,7976585,55777,24889
19,8001623,0,29000,8004901,57400,29157
20,8034197,0,25973,7938170,91597,26167
21,7964485,0,27046,7972087,56082,27232
22,7999457,0,27148,7972270,55539,27343
23,7999752,0,26722,7975494,55291,26899
24,8002541,0,24379,7982550,57832,24555
25,8007281,0,37639,7953827,65113,37870
26,7991901,0,37463,7966326,57014,37685
27,8004206,0,45111,7953328,61220,45426
28,7998976,0,47583,7953383,60196,47852
29,8001457,0,45861,7950864,61653,46176
30,7997263,0,44832,7954726,58916,45091
31,8000039,0,51129,7960902,58955,51445
32,8012569,0,43500,7941921,71524,43805
33,7985957,0,48204,7953226,57481,48509
34,8001967,0,45481,7953105,59448,45786
35,7999113,0,52148,7949596,58561,52454
36,8002263,0,47528,7951874,60824,47824
37,7999930,0,49000,7949947,60754,49324
38,7999493,0,46584,7950689,60247,46926
39,7997828,0,44037,7955448,58075,44305
40,7999985,0,51648,7948059,58060,51917
41,8000207,0,46750,7953994,58267,47065
42,8001272,0,45472,7955346,59539,45805
43,8001374,0,49852,7944254,60913,50111
44,7994559,0,27750,7973762,55472,27898
45,8001808,0,29834,7967605,57280,29981
46,7997735,0,26611,7977402,55015,26787
47,8004337,0,24223,7976929,59352,24380
48,8001475,0,45666,7949198,60827,45907
49,7995244,0,27593,7972633,56071,27769
50,8000550,0,24435,7974438,56621,24593
51,7999161,0,23926,7974975,55782,24111
52,7999225,0,27898,7972532,55007,28083
53,8000745,0,23463,7975402,55752,23657
54,7999207,0,24223,7976938,54959,24389
55,8001457,0,25296,7975049,56416,25472
56,8000660,0,25925,7973004,57076,26074
57,7999226,0,22167,7978189,56302,22343
58,8000670,0,57944,7941106,56972,58102
59,7999356,0,25574,7974216,56328,25750
60,8000104,0,22370,7976522,56432,22528
61,7999189,0,23482,7977726,55621,23658
62,8001522,0,22481,7977745,57143,22639
63,8000532,0,26332,7972115,57675,26480
64,7998734,0,25648,7973763,56409,25824
65,7999726,0,23805,7977087,56135,23981
66,8001216,0,23342,7975012,57351,23500
67,7998651,0,22602,7975568,56002,22778
68,7998476,0,23444,7978142,54478,23611
69,8001883,0,28334,7978550,56361,28519
70,8007217,0,23537,7967614,63578,23694
71,7991447,0,25491,7974457,55025,25667
72,8000263,0,24722,7975031,55288,24880
73,8000059,0,22019,7994364,55347,22176
74,8016706,0,41731,7942401,72053,41954
75,7984541,0,42482,7958809,56594,42722
76,8001744,0,48916,7954974,58338,49186
77,8004383,0,48296,7948513,62721,48555
78,7997290,0,45306,7952689,60011,45611
79,7998522,0,44556,7956494,58533,44870
80,8001586,0,43592,7954373,60119,43843
81,7998438,0,46018,7954447,58557,46342
82,8001012,0,47481,7951216,59569,47750
83,7999189,0,43713,7956327,58758,44018
84,8000568,0,44380,7954188,59326,44639
85,7999058,0,44704,7956901,58384,45000
86,8002133,0,42111,7955930,60517,42361
87,7998522,0,42990,7955781,59039,43314
88,7999318,0,43944,7957661,58357,44249
89,8002141,0,54083,7945651,60498,54343
90,8000226,0,45713,7952781,60724,46027
91,7999040,0,46574,7951485,59764,46889
92,7998596,0,45416,7954438,58360,45675
93,8000335,0,44805,7954253,58695,45121
94,7999559,0,22898,7974614,58254,23056
95,7997818,0,25916,7987697,56072,26074
96,8014956,0,290870,7695170,71028,292343
97,7988198,0,44685,7949818,59226,46232
98,7996207,0,28194,7972781,55433,28352
99,8001281,0,29167,7971197,56714,29352
100,8000688,0,25250,7972901,57402,25426
101,7998475,0,26722,7974281,55877,26880
102,8001300,0,27380,7969365,57177,27546
103,7997059,0,27065,7972660,54236,27222
104,8000030,0,25194,7976133,54266,25370
105,8001651,0,25361,7975179,55917,25537
106,8000855,0,21537,7979697,56772,21723
107,8001559,0,25194,7972447,58331,25352
108,7997947,0,25509,7974596,56278,25676
109,8000411,0,24018,7974262,56689,24176
110,7998586,0,26139,7974855,55275,26306
111,8001300,0,23982,7974596,56575,24139
112,7998874,0,28028,7973013,55449,28195
113,8001346,0,23777,7974781,56795,23926
114,7998855,0,24787,7975179,55650,24954
115,8000281,0,26963,7971966,55931,27121
116,7999226,0,24454,7976003,55157,24630
117,8000772,0,28555,7970586,55929,28713
118,7999447,0,22555,7977401,55376,22723
119,8000273,0,29287,7970865,55649,29444
120,8000457,0,23491,7997078,56106,23648
121,8020874,0,25444,7953606,76980,25619
122,7979373,0,26296,7972976,56353,26491
123,7999615,0,24703,7973809,55968,24898
124,7998855,0,28167,7975346,54823,28343
125,8003865,0,40184,7960291,58688,40406
126,8000882,0,40250,7958893,59570,40491
127,7999578,0,36250,7963458,59148,36518
128,8000226,0,45769,7954716,59374,46120
129,8001113,0,45111,7952059,60487,45463
130,7997763,0,44638,7954318,58250,44945
131,7999485,0,45343,7954912,57735,45639
132,8000773,0,43278,7964956,58508,43583
133,8008762,0,47472,7943022,67270,47787
134,7991031,0,43010,7960124,58301,43324
135,8003670,0,43694,7952078,61971,44010
136,7996300,0,43695,7957317,58271,44000
137,8001558,0,45351,7952448,59829,45621
138,7998291,0,45769,7955226,58120,46037
139,8001485,0,45648,7952457,59605,45982
140,7998652,0,42482,7958688,58257,42731
141,8001651,0,43871,7953902,59908,44176
142,7998300,0,47129,7952965,58208,47426
143,8000613,0,45157,7951985,58821,45463
144,7997634,0,22981,7974578,56455,23166
145,7997892,0,24046,7976920,54347,24204
146,8001272,0,25102,7975549,55619,25297
147,8000994,0,25463,7973022,56613,25648
148,7998809,0,25352,7975300,55422,25509
149,8000948,0,23333,7976939,56370,23509
150,8000596,0,28870,7969456,56966,29028
151,7998623,0,21778,7977485,55589,21945
152,7999578,0,26500,7973032,55167,26667
153,7999837,0,24537,7977958,55004,24722
154,8002818,0,22796,7975235,57822,22990
155,7998364,0,24010,7974957,56186,24195
156,7999291,0,24194,7975550,55477,24379
157,8000078,0,21972,7978689,55555,22157
158,8000994,0,23897,7973643,56549,24082
159,7997864,0,26102,7976226,54413,26268
160,8002633,0,63917,7934717,57046,64083
161,7998939,0,23260,7976456,55985,23426
162,8000030,0,24565,7975689,56015,24732
163,8000615,0,24130,7974550,56630,24287
164,7998976,0,24296,7975097,55606,24481
165,7999716,0,23083,7976271,55322,23269
166,7999688,0,24889,7975355,55010,25056
167,8000559,0,22916,7976754,55569,23102
168,7999986,0,23333,7975476,55555,23490
169,7999105,0,31194,7970641,54660,31370
170,8002179,0,22916,7975494,56839,23092
171,7998725,0,22138,7978225,55564,22297
172,8000670,0,27824,7972077,56234,28019
173,8000263,0,27898,7978586,56497,28092
174,8006835,0,32445,7962281,63332,32639
175,7995087,0,32121,7965771,58419,32324
176,7998271,0,31435,7971550,56690,31639
177,8003364,0,32954,7964726,60054,33158
178,7998078,0,44787,7955550,58132,45046
179,8000827,0,44000,7954855,58959,44296
180,7999373,0,45259,7954253,58332,45528
181,8000003,0,45324,7955577,58335,45667
182,8001466,0,43269,7954920,59801,43593
183,7998744,0,42137,7957549,58545,42397
184,8000169,0,50778,7949411,58714,51176
185,8000809,0,43611,7957087,59523,43917
186,8001226,0,41861,7956549,60749,42203
187,7998985,0,41536,7957642,59734,41841
188,7999706,0,40694,7958484,59440,40962
189,7999670,0,44435,7964300,59110,44740
190,8009262,0,41629,7948428,68372,41991
191,7990641,0,46186,7953828,59013,46491
192,8000541,0,40333,7958827,59554,40639
193,7999688,0,45232,7949948,59242,45500
194,7995633,0,23834,7977104,54875,23991
195,8001234,0,21537,7977512,56109,21713
196,7999364,0,24111,7977244,55473,24287
197,8001661,0,21537,7977587,57134,21713
198,7999438,0,22083,7977151,56572,22241
199,7999531,0,23241,7976003,56103,23398
200,7999549,0,22388,7977216,55652,22546
201,7999911,0,23769,7976225,55563,23926
202,8000290,0,27852,8120975,55853,28010
203,8149133,0,28750,7822291,204986,28926
204,7851346,0,23343,7975457,56332,23491
205,7999096,0,21981,7978735,55428,22148
206,8001022,0,21612,7978391,56450,21797
207,8000336,0,23870,7974541,56786,24047
208,7998717,0,23241,7976365,55503,23398
209,7999911,0,22361,7978541,55414,22546
210,8001226,0,21676,7978864,56640,21870
211,8000873,0,22342,7975245,57513,22518
212,7997911,0,24444,7979123,55424,24620
213,8003891,0,22612,7974596,59315,22797
214,7997541,0,23574,7975911,56856,23769
215,7999828,0,25982,7972596,56684,26148
216,7998883,0,22593,7977318,55567,22750
217,8000216,0,22240,7978411,55783,22416
218,8000975,0,21232,7977893,56758,21408
219,7999439,0,27537,7973133,56197,27704
220,8000976,0,26305,7971245,57173,26471
221,7997864,0,22102,7990143,55037,22259
222,8012550,0,26602,7960708,67587,26787
223,7987661,0,30796,7976521,55248,30963
224,8007780,0,272972,7718865,63028,274815
225,7994689,0,43343,7954597,57717,43528
226,7998291,0,31806,7974253,56008,31981
227,8006439,0,55000,7941429,62447,55268
228,7997049,0,46703,7951985,59496,46963
229,7999170,0,47435,7951772,58666,47704
230,7999698,0,48833,7951013,58364,49093
231,8000328,0,46102,7953012,58692,46444
232,7999641,0,46481,7953355,58333,46797
233,8000374,0,44092,7956114,58707,44408
234,8000745,0,53158,7947587,59452,53472
235,8001281,0,41806,7959465,60733,42120
236,8001808,0,45019,7950819,62541,45278
237,7996319,0,46629,7953439,58860,46907
238,8000559,0,41889,7958893,59419,42194
239,8001300,0,43213,7956058,60719,43481
240,7999752,0,44223,7953161,60471,44584
241,7997967,0,42797,7956892,58438,43093
242,8000207,0,42925,7958217,58645,43223
243,8001671,0,42684,7950708,60316,42943
244,7993836,0,23592,7977847,54152,23768
245,8001763,0,24306,7975439,55915,24481
246,8000059,0,20389,7980587,55974,20546
247,8001272,0,22638,7976272,57246,22804
248,7999216,0,22936,7975929,56462,23111
249,7999188,0,22037,7977494,55650,22204
250,7999837,0,23537,7977391,55487,23713
251,8001252,0,22954,7975040,56739,23130
252,7998327,0,24425,7978030,55066,24612
253,8002781,0,22648,7974513,57847,22851
254,7997503,0,24352,7977013,55350,24509
255,8001661,0,21379,7976874,57011,21555
256,7998568,0,24602,7975678,55579,24759
257,8000576,0,21982,7977058,56155,22167
258,7999355,0,22620,7977096,55510,22778
259,8000022,0,23352,7976447,55532,23528
260,8000114,0,23639,7975919,55646,23797
261,7999873,0,25843,7978438,55519,26019
262,8004920,0,82787,7913106,60439,83185
263,7996429,0,27324,7974837,56868,28130
264,8003115,0,84860,7909781,59983,85656
265,7995567,0,53018,7946643,55550,53194
266,7999975,0,40963,7959124,55525,41121
267,8000393,0,31010,7974966,55918,31722
268,8006827,0,37148,7955827,62745,37315
269,7993799,0,35472,7965013,56544,36240
270,8001401,0,29584,7967021,57945,29741
271,7996902,0,27204,7973809,54847,27351
272,8001318,0,36834,7964780,56165,37018
273,8001956,0,37260,7961475,58121,37435
274,7999077,0,46620,7953559,57198,46852
275,8000587,0,40453,7975800,57785,40685
276,8016679,0,58443,7927291,74464,58693
277,7986187,0,44241,7954355,60651,44528
278,7999106,0,43778,7954522,59757,44037
279,7998771,0,44074,7956512,58528,44426
280,8001160,0,46602,7953336,59688,46898
281,8000458,0,42537,7955911,60146,42888
282,7999022,0,50093,7949846,59168,50379
283,8000448,0,44232,7955892,59616,44546
284,8000660,0,43565,7954725,60276,43880
285,7998837,0,43130,7956208,59113,43481
286,7999911,0,44083,7957087,59024,44352
287,8001670,0,52463,7947632,60694,52722
288,8000577,0,45371,7951856,61271,45685
289,7997772,0,43037,7955736,59043,43287
290,7999263,0,43491,7956642,58306,43759
291,8000623,0,46203,7953754,58929,46528
292,8000504,0,41639,7958735,59433,41963
293,8000920,0,45834,7948012,60353,46139
294,7994336,0,28482,7972559,54689,28648
295,8001346,0,24241,7974911,56035,24426
296,7999476,0,25111,7975939,55511,25296
297,8001374,0,22935,7977114,56885,23120
298,8000382,0,26352,7971837,57267,26528
299,7998504,0,25741,7974911,55771,25907
300,8000967,0,25102,7974504,56738,25277
301,7999929,0,26278,7972280,56667,26463
302,7998873,0,22556,7977188,55540,22732
303,8000059,0,22148,7977364,55599,22343
304,7999847,0,23074,7977791,55446,23268
305,8001207,0,22982,7976253,56653,23148
306,7999540,0,28796,7971124,56193,28953
307,8000216,0,22407,7976383,56409,22565
308,7999087,0,22732,7977096,55496,22908
309,8000143,0,22953,7977235,55639,23110
310,8000493,0,22426,7977060,56132,22583
311,7999781,0,24083,7975874,55913,24278
312,8000291,0,27871,7972632,56204,28028
313,8000808,0,21768,7976763,57012,21926
314,7998837,0,24065,7975975,55849,24232
315,8000346,0,22981,7976467,56195,23139
316,8001384,0,22871,7975354,57579,23037
317,7998521,0,27861,7973004,56100,28037
318,8001189,0,23408,7974818,57289,23565
319,7998522,0,27093,7972772,55811,27268
320,8000189,0,24148,7974318,56000,24305
321,7998762,0,22138,7978319,54762,22305
322,8000772,0,25482,7974457,55534,25648
323,8000253,0,24000,7976883,55787,24158
324,8001208,0,31537,7969123,56995,31741
325,8001030,0,30639,7975133,58025,30843
326,8006152,0,36953,7958309,64177,37185
327,7995698,0,43648,7953837,59875,43926
328,7997967,0,45454,7954669,57842,45750
329,8000641,0,49472,7948180,58483,49787
330,7998180,0,44787,7957124,56663,45102
331,8002448,0,42593,7956253,59111,42852
332,7999365,0,42795,7958957,58476,43100
333,8002280,0,43500,7953106,60756,43769
334,7997096,0,44806,7954485,57852,45111
335,7999818,0,43898,7956170,57670,44194
336,8000596,0,45379,7957642,58266,45704
337,8003568,0,52074,7948643,61834,52380
338,8001236,0,46545,7949337,63070,46804
339,7996410,0,42500,7956069,59480,42805
340,7999105,0,43843,7957911,58585,44093
341,8002235,0,43454,7954873,60820,43769
342,7998864,0,43963,7954845,59684,44231
343,7999300,0,40694,7953568,58984,40963
344,7994734,0,22000,7982512,53718,22158
345,8004809,0,23611,7973725,58527,23787
346,7997669,0,23055,7976392,56196,23213
347,7999735,0,23037,7975865,55931,23194
348,7999198,0,22648,7979216,55129,22824
349,8002197,0,22796,7975049,57326,22963
350,7998160,0,21639,7976430,55486,21797
351,7998365,0,27731,8181198,53851,27879
352,8209614,0,157527,7643884,263465,158249
353,7802744,0,174619,7816957,66209,175184
354,7992299,0,34222,7962892,58508,34379
355,7997410,0,25990,7973893,55918,26149
356,8000170,0,27065,7972392,56088,27241
357,7999791,0,25352,7974438,55879,25509
358,8000085,0,27936,7971707,55964,28121
359,7999967,0,25028,7974614,55931,25185
360,7999938,0,25852,7975013,55869,26009
361,8001189,0,25435,7972678,57058,25601
362,7998428,0,24435,7977308,55486,24592
363,8002049,0,26954,7971633,57535,27130
364,7998920,0,66611,7932031,56455,66769
365,7998948,0,27584,7972308,55403,27741
366,8000206,0,24148,7975374,55609,24324
367,7999846,0,28472,7973355,55455,28639
368,8002133,0,28871,7970004,57588,29056
369,7999207,0,22472,7978420,56795,22629
370,8001197,0,32611,7965457,57992,32787
371,7998373,0,22472,7976272,56365,22630
372,7999041,0,26806,7973826,55406,26963
373,8000937,0,26176,7990365,56343,26361
374,8016883,0,30028,7952189,73226,30213
375,7982587,0,37296,7963938,55813,37510
376,8001643,0,35630,7972559,57456,35880
377,8008651,0,45148,7949689,66107,45398
378,7995337,0,44861,7952652,61444,45194
379,7998142,0,43500,7954975,59586,43760
380,7998958,0,44065,7957502,58544,44324
381,8002058,0,45361,7952458,60602,45657
382,7998346,0,46074,7952985,58948,46343
383,7999550,0,42019,7958513,58498,42278
384,8001013,0,44944,7956244,59511,45268
385,8001734,0,47268,7949402,61245,47620
386,7997244,0,45250,7954355,58489,45547
387,8000133,0,46167,7953800,58622,46481
388,8000494,0,44871,7957411,59116,45130
389,8002772,0,43518,7957458,61888,43787
390,8001467,0,50203,7944893,63355,50508
391,7995623,0,43305,7957365,58978,43602
392,8001226,0,45797,7962503,60204,46074
393,8008800,0,45731,7943893,69004,45981
394,7990096,0,46675,7950023,59100,46943
395,7997141,0,22658,7976762,56241,22834
396,7999726,0,24176,7974494,55967,24352
397,7998976,0,25194,7975958,54943,25370
398,8001476,0,28804,7970698,56419,28971
399,7999808,0,24703,7974893,56227,24861
400,7999893,0,22972,7974874,56120,23120
401,7998142,0,24149,7977132,54262,24306
402,8001586,0,24352,7976449,55848,24519
403,8001096,0,24898,7973735,56944,25084
404,7998976,0,23185,7977318,55920,23343
405,8000828,0,22824,7977299,56748,23000
406,8000456,0,22454,7975874,57204,22639
407,7998643,0,24880,7973976,55847,25037
408,7999152,0,23037,7976698,54999,23194
409,8000031,0,23833,7976392,55030,24009
410,8000558,0,22704,7977337,55588,22880
411,8000365,0,23055,7976577,55953,23222
412,7999957,0,24324,7976152,55910,24491
413,8000800,0,22843,7976511,56710,23010
414,7999660,0,23732,7975318,56370,23917
415,7999384,0,31463,7968383,55754,31611
416,8000133,0,22407,7978439,55887,22592
417,8001179,0,23759,7974355,57066,23917
418,7998429,0,23065,7978253,55495,23241
419,8001643,0,29602,7969152,57138,29777
420,7999068,0,25898,7984133,56206,26074
421,8010355,0,25083,7962669,66561,25241
422,7988067,0,26574,7979189,54628,26750
423,8006078,0,68991,7926939,60706,69379
424,7996475,0,46435,7964929,57181,46658
425,8011763,0,45842,7954429,68944,46064
426,8000678,0,39704,7948290,69622,39926
427,7988420,0,37463,7962809,58042,37685
428,8000707,0,45797,7955438,58749,46102
429,8001763,0,55119,7950577,60512,55387
430,8006187,0,44675,7946901,66699,44982
431,7992105,0,44797,7954661,58804,45093
432,7999985,0,44982,7954780,58789,45241
433,8000243,0,44852,7955041,59032,45176
434,8000448,0,43528,7955291,59480,43833
435,7999401,0,43926,7954307,58881,44185
436,7998716,0,43694,7964207,57597,43953
437,8008392,0,46324,7946660,65989,46639
438,7993522,0,43861,7955039,59511,44120
439,7999391,0,44602,7955179,58902,44861
440,8000272,0,53083,7946216,59174,53379
441,7999836,0,43917,7955791,59010,44176
442,8000207,0,42064,7955872,59217,42371
443,7998465,0,45370,7954911,57682,45639
444,8000782,0,43769,7953281,58464,44074
445,7997531,0,27769,7972180,55995,27926
446,8000244,0,24472,7974836,56239,24648
447,7999622,0,21713,7978022,55861,21880
448,8000050,0,24796,7977485,55911,24972
449,8002614,0,22232,7973549,58525,22399
450,7996087,0,23037,7978169,54612,23194
451,8001521,0,23629,7975865,56133,23796
452,7999818,0,22731,7977142,55951,22889
453,8000161,0,24074,7976328,56112,24250
454,8000717,0,24990,7973558,56829,25166
455,7998873,0,22500,7977217,55702,22657
456,8000022,0,27667,7971013,55724,27852
457,7999004,0,25491,7975309,54728,25648
458,8001105,0,23897,7994726,55833,24082
459,8018938,0,24111,7958948,74771,24268
460,7983365,0,28815,7968902,58136,28972
461,7998013,0,26491,7973178,56149,26648
462,7999984,0,21213,7979022,56133,21370
463,8000531,0,24944,7973152,56664,25102
464,7998402,0,28148,7972726,55066,28305
465,8001170,0,22833,7976678,56236,23009
466,7999836,0,54527,7945004,56072,54685
467,7999837,0,23888,7975679,55909,24046
468,7999883,0,22723,7976688,55792,22880
469,7999726,0,24250,7977002,55518,24407
470,8001548,0,29176,7970151,57066,29380
471,7999680,0,27278,7971272,56746,27435
472,7998855,0,24194,7975698,55601,24342
473,8000179,0,23203,7985882,55780,23370
474,8009410,0,29149,7962254,65190,29333
475,7991753,0,32815,7967976,56943,33028
476,8001170,0,30685,7969031,58113,30880
477,8000105,0,43732,7956530,58218,44037
478,8000789,0,45139,7957152,59007,45463
479,8002837,0,44954,8428252,61844,45204
480,8473845,0,239137,7284468,535689,239916
481,7524754,0,65064,7932077,60443,65397
482,7997706,0,52769,7946299,58149,53074
483,7999605,0,46241,7957383,57754,46510
484,8004124,0,48092,7947049,61878,48407
485,7995679,0,49397,7951253,57557,49647
486,8001123,0,47325,7955086,58680,47630
487,8002939,0,51055,7946615,61619,51314
488,7998160,0,47223,7950846,59779,47491
489,7998568,0,46388,7957697,58347,46647
490,8004567,0,49444,7946698,62914,49704
491,7996615,0,43917,7954661,59529,44194
492,7999068,0,48445,7951206,58597,48713
493,8000141,0,45129,7954207,58738,45435
494,7999874,0,43194,7954467,58612,43444
495,7998087,0,25518,7974697,56699,25675
496,8000521,0,22389,7975687,57220,22556
497,7998392,0,22296,7977818,55612,22463
498,8000447,0,22213,7977198,56059,22398
499,7999735,0,26834,7973003,55794,27000
500,8000133,0,25176,7974280,55927,25333
501,7999752,0,24305,7975374,55679,24463
502,7999985,0,25121,7974234,55664,25278
503,7999669,0,22731,7978309,55333,22908
504,8001374,0,22426,7976022,56707,22602
505,7998753,0,24676,7973819,55460,24833
506,7998800,0,23204,7978354,54260,23361
507,8001854,0,22037,7978281,56114,22213
508,8000661,0,24093,7974642,56775,24259
509,7999058,0,24379,7975661,55833,24537
510,8000346,0,24732,7977641,56179,24908
511,8002697,0,22824,7973874,58876,23009
512,7997031,0,26870,7973328,55907,27046
513,8000503,0,27852,7971383,56410,28000
514,7999522,0,23879,7983095,55932,24047
515,8007290,0,21833,7970568,63222,22019
516,7992735,0,24667,7975235,55957,24824
517,8000207,0,21880,7977059,56164,22047
518,7999245,0,23694,7978290,55409,23851
519,8002289,0,21287,7975494,57698,21454
520,7997087,0,30861,7970503,54785,31019
521,8001662,0,28148,7970540,56447,28305
522,7998993,0,22148,7992540,55440,22305
523,8015004,0,26991,7959744,70444,27166
524,7987068,0,30621,7967745,57512,30824
525,7998735,0,29111,7970753,56247,29296
526,8000197,0,26101,7974383,56444,26306
527,8000874,0,46120,7954003,57318,46435
528,8000661,0,43990,7957393,57979,44297
529,8001911,0,47454,7950854,59890,47723
530,7998799,0,47269,7955624,58689,47574
531,8003421,0,45195,7951893,62110,45453
532,7997568,0,46463,7952337,59678,46778
533,7999337,0,45667,7952049,59015,45963
534,7998234,0,43880,7966263,57249,44130
535,8010624,0,43334,7947670,67873,43639
536,7991532,0,46972,7950828,59405,47240
537,7998290,0,42972,7957604,57695,43222
538,8001049,0,43870,7958402,58744,44195
539,8002809,0,43694,7956541,61553,43991
540,8000763,0,44973,7951837,62316,45232
541,7997300,0,43258,7954383,59616,43592
542,7998197,0,42760,7958004,57813,43028
543,8001245,0,44843,7955319,59058,45157
544,8000698,0,49389,7946495,59756,49657
545,7996327,0,21712,7977865,56083,21870
546,7999883,0,23944,7975013,55966,24102
547,7999253,0,24148,7975688,55219,24324
548,8000152,0,25194,7974910,55371,25370
549,8000429,0,21935,7977652,55800,22111
550,7999901,0,23806,7975689,55701,23991
551,7999828,0,23509,7977698,55529,23676
552,8001522,0,27342,7971540,57051,27500
553,7999179,0,23334,7976290,56230,23491
554,7999920,0,23926,7975004,56150,24093
555,7999235,0,23472,7977420,55385,23630
556,8001198,0,21148,7977604,56583,21334
557,7999068,0,21149,7979096,55651,21305
558,8000550,0,23055,7976208,56201,23241
559,7999596,0,22074,7976938,55797,22232
560,7999319,0,24944,7975660,55116,25101
561,8000909,0,22380,7975309,56025,22565
562,7998004,0,22834,7979411,54029,23000
563,8002559,0,24694,7975058,56588,24852
564,8000059,0,25305,7979900,56647,25462
565,8005511,0,22380,7970735,62158,22556
566,7993439,0,21972,7978013,55597,22138
567,8000281,0,23231,7976383,55878,23407
568,7999938,0,58490,7940892,55816,58638
569,7999678,0,26250,7973633,55494,26408
570,8000180,0,26657,7974355,55674,26916
571,8001419,0,23880,7974216,57093,24046
572,7998401,0,23334,7976105,55494,23491
573,7999735,0,22926,7978031,55229,23083
574,8001253,0,27915,7971402,56482,28129
575,7999688,0,30186,7968411,56170,30370
576,7998947,0,29296,7977652,55117,29482
577,8007319,0,42778,7954994,62436,43027
578,7998234,0,47406,7949846,60670,47712
579,7997817,0,44269,7955466,58487,44565
580,8000291,0,41871,7964124,58778,42185
581,8006531,0,41935,7954253,65309,42231
582,7996706,0,49139,7951105,62015,49389
583,8000707,0,46371,7949003,62722,46676
584,7995911,0,46833,7953734,58633,47138
585,8001086,0,43185,7955613,59719,43510
586,7999336,0,40871,7959550,59055,41176
587,8000948,0,41509,7956744,60003,41824
588,7998790,0,41972,7960040,58793,42231
589,8002503,0,47704,7949123,61296,47973
590,7997308,0,45490,7953494,58604,45759
591,7999476,0,46574,7956587,58080,46824
592,8003642,0,44991,7952374,61722,45296
593,7997948,0,47139,7951179,59670,47398
594,7998790,0,47926,7954004,58460,48176
595,8002383,0,24130,7970559,60843,24315
596,7995013,0,23945,7974662,55856,24102
597,7998892,0,26074,7974327,54748,26241
598,8000725,0,23574,7976300,55473,23750
599,8000189,0,21806,7978318,55662,21991
600,8000467,0,21686,7977040,56129,21861
601,7999040,0,24518,7975984,55169,24685
602,8000818,0,23343,7976494,55987,23500
603,8000133,0,21630,7976282,56120,21787
604,7998207,0,24732,7976642,54327,24908
605,8001698,0,21962,7977818,56025,22120
606,8000096,0,22436,7976957,56121,22611
607,7999735,0,19898,7980253,55856,20065
608,8000457,0,30000,7968780,56313,30158
609,7999077,0,21527,7978975,55390,21704
610,8000828,0,22917,7975077,56218,23074
611,7998290,0,24120,7975809,54508,24297
612,8000254,0,23445,7978104,54762,23602
613,8001854,0,26435,7973374,56616,26611
614,8000134,0,25954,7972698,56750,26111
615,7998948,0,22740,7976578,55698,22926
616,7999633,0,22305,7979011,55331,22481
617,8001642,0,23592,7973411,56973,23750
618,7997299,0,22824,7978985,54272,23000
619,8002134,0,23278,7975420,56406,23435
620,7998994,0,23213,7978067,55400,23380
621,8001605,0,22546,7975809,57005,22694
622,7998642,0,26306,7978457,55647,26491
623,8005096,0,23722,7972467,60743,23898
624,7996504,0,21759,0,57247,21926
